{
    "transform": [
        [
            0.9485653042793274,
            -0.003212240757420659,
            0.31656527519226074,
            0.11549694836139679
        ],
        [
            -0.003212240757420659,
            0.999799370765686,
            0.019770381972193718,
            -0.27286598086357117
        ],
        [
            -0.31656527519226074,
            -0.019770381972193718,
            0.9483646750450134,
            -0.8086429238319397
        ]
    ],
    "scale": 4.899643154503674
}