{
    "transform": [
        [
            0.9411333203315735,
            0.010469513013958931,
            0.3378733694553375,
            0.05714362859725952
        ],
        [
            0.010469513013958931,
            0.9981380105018616,
            -0.060091227293014526,
            -0.14553365111351013
        ],
        [
            -0.3378733694553375,
            0.060091227293014526,
            0.9392713308334351,
            -0.8329941630363464
        ]
    ],
    "scale": 3.4189801596957214
}